wl_r_RAW,qe_r_RAW,wl_g_RAW,qe_g_RAW,wl_b_RAW,qe_b_RAW,wl,qe_r,qe_g,qe_b
4.009408602150537035e+02,5.334665334665335268e-02,4.009408602150537035e+02,2.297702297702297614e-02,4.004704301075268518e+02,1.372627372627372999e-01,4.000000000000000000e+02,5.408123325166119821e-02,2.314767434298819343e-02,1.368268247422365080e-01
4.079973118279569917e+02,4.615384615384617029e-02,4.117607526881720332e+02,2.297702297702297614e-02,4.061155913978494709e+02,1.508491508491508482e-01,4.025000000000000000e+02,5.198664450999131159e-02,2.276475224907013178e-02,1.405533191265541382e-01
4.169354838709676869e+02,3.576423576423576334e-02,4.239919354838709751e+02,2.537462537462537027e-02,4.117607526881720332e+02,1.724275724275724508e-01,4.050000000000000000e+02,4.949699324535079825e-02,2.259335859981757497e-02,1.471917973750429820e-01
4.254032258064515872e+02,2.777222777222777828e-02,4.334005376344085789e+02,2.777222777222777828e-02,4.188172043010752077e+02,1.980019980019980252e-01,4.075000000000000000e+02,4.672790302658494377e-02,2.260645920779527293e-02,1.558125556463662298e-01
4.343413978494623393e+02,1.978021978021977934e-02,4.437500000000000000e+02,3.416583416583417188e-02,4.268145161290321994e+02,2.227772227772227831e-01,4.100000000000000000e+02,4.379499742253906147e-02,2.277701988556802074e-02,1.654858900991868498e-01
4.409274193548386620e+02,1.418581418581418840e-02,4.526881720430106952e+02,4.935064935064935321e-02,4.399865591397849585e+02,2.531468531468531458e-01,4.125000000000000000e+02,4.081390000205837448e-02,2.307800644570058568e-02,1.752863163060140728e-01
4.508064516129031745e+02,9.390609390609386264e-03,4.597446236559139834e+02,7.172827172827174469e-02,4.526881720430106952e+02,2.707292707292707212e-01,4.150000000000000000e+02,3.790023433398823777e-02,2.348238470075774895e-02,1.846264614186427233e-01
4.578629032258064626e+02,6.993006993006992134e-03,4.677419354838709751e+02,9.970029970029971322e-02,4.639784946236559335e+02,2.723276723276723543e-01,4.175000000000000000e+02,3.516924543585719237e-02,2.396312046330427784e-02,1.934987691343141025e-01
4.663306451612903061e+02,6.993006993006992134e-03,4.743279569892472978e+02,1.284715284715284844e-01,4.827956989247311412e+02,2.595404595404595671e-01,4.200000000000000000e+02,3.267713314897255361e-02,2.449317954590495006e-02,2.019511102899285426e-01
4.747983870967741495e+02,1.178821178821178040e-02,4.846774193548386620e+02,1.724275724275724508e-01,4.945564516129031745e+02,2.459540459540459634e-01,4.225000000000000000e+02,3.035750518138024406e-02,2.504552776112454332e-02,2.099898146763390927e-01
4.832661290322580498e+02,1.258741258741258306e-02,4.940860215053763227e+02,2.107892107892108124e-01,5.072580645161290249e+02,2.107892107892108124e-01,4.250000000000000000e+02,2.812871240904987399e-02,2.559402589064480038e-02,2.175766526963239800e-01
4.950268817204300831e+02,1.898101898101897667e-02,5.063172043010752077e+02,2.507492507492507516e-01,5.171370967741935374e+02,1.788211788211788167e-01,4.275000000000000000e+02,2.591630037709628798e-02,2.614667258997933896e-02,2.246714605021066513e-01
5.044354838709676869e+02,1.818181818181818787e-02,5.147849462365591080e+02,2.843156843156843250e-01,5.246639784946236205e+02,1.524475524475524812e-01,4.300000000000000000e+02,2.369284400838946730e-02,2.675543810865782871e-02,2.312588122367977561e-01
5.124327956989246786e+02,2.057942057942058200e-02,5.227822580645160997e+02,3.154845154845155042e-01,5.326612903225806122e+02,1.220779220779221047e-01,4.325000000000000000e+02,2.144981200988376607e-02,2.747519399993363087e-02,2.373682518143130360e-01
5.237231182795699169e+02,2.297702297702297614e-02,5.312500000000000000e+02,3.410589410589410786e-01,5.406586021505376038e+02,9.330669330669331962e-02,4.350000000000000000e+02,1.917927751492659941e-02,2.836305234170062931e-02,2.430340851074301867e-01
5.345430107526881329e+02,2.857142857142856707e-02,5.378360215053762658e+02,3.546453546453546823e-01,5.505376344086021163e+02,7.012987012987013935e-02,4.375000000000000000e+02,1.693213059209054336e-02,2.950488629871689597e-02,2.482906179889265985e-01
5.439516129032258505e+02,3.576423576423576334e-02,5.444220430107526454e+02,3.666333666333666530e-01,5.627688172043010582e+02,5.894105894105895749e-02,4.400000000000000000e+02,1.486936298561796974e-02,3.100650081013376150e-02,2.531721563283992893e-01
5.505376344086021163e+02,5.174825174825174734e-02,5.514784946236559335e+02,3.626373626373626813e-01,5.801747311827957674e+02,5.654345654345653560e-02,4.425000000000000000e+02,1.315244332706344207e-02,3.297410069838503655e-02,2.576922075060849027e-01
5.571236559139784958e+02,8.771228771228771481e-02,5.585349462365591080e+02,3.442557442557442893e-01,5.961693548387096371e+02,5.894105894105895749e-02,4.450000000000000000e+02,1.178755874382923959e-02,3.551748710122047681e-02,2.617824159726034328e-01
5.684139784946236205e+02,1.644355644355644519e-01,5.670026881720430083e+02,3.122877122877122935e-01,6.055779569892472409e+02,5.574425574425574681e-02,4.475000000000000000e+02,1.067017474231780720e-02,3.882917640865531095e-02,2.653542878963184304e-01
5.834677419354839003e+02,2.907092907092907463e-01,5.768817204301075208e+02,2.667332667332667495e-01,6.196908602150538172e+02,5.254745254745256389e-02,4.500000000000000000e+02,9.693374419725031901e-03,4.318440026297031692e-02,2.683193294455932798e-01
5.933467741935482991e+02,3.546453546453546823e-01,5.881720430107527591e+02,2.043956043956043911e-01,6.399193548387097508e+02,5.334665334665335268e-02,4.525000000000000000e+02,8.759236462072817614e-03,4.886198662176220037e-02,2.705890467887910877e-01
5.971102150537634543e+02,3.738261738261738354e-01,5.989919354838709751e+02,1.604395604395604802e-01,6.573252688172042326e+02,5.894105894105895749e-02,4.550000000000000000e+02,7.870435512750300830e-03,5.601326536248029536e-02,2.720984566548038663e-01
6.022849462365591080e+02,3.882117882117882557e-01,6.121639784946236205e+02,1.268731268731269068e-01,6.690860215053762658e+02,7.172827172827174469e-02,4.575000000000000000e+02,7.092706642980973857e-03,6.414990407493069424e-02,2.729005290696552843e-01
6.079301075268817840e+02,3.914085914085914664e-01,6.239247311827957674e+02,1.036963036963037127e-01,6.841397849462365457e+02,8.131868131868132121e-02,4.600000000000000000e+02,6.505194000407644138e-03,7.258360722793280595e-02,2.730851463816168501e-01
6.140456989247311412e+02,3.898101898101898333e-01,6.342741935483870748e+02,8.931068931068932015e-02,6.991935483870968255e+02,8.771228771228771481e-02,4.625000000000000000e+02,6.264350315793791417e-03,8.089255555142677023e-02,2.727422036172808539e-01
6.229838709677419502e+02,3.794205794205794402e-01,6.441532258064515872e+02,7.972027972027971587e-02,7.123655913978494709e+02,8.771228771228771481e-02,4.650000000000000000e+02,6.556285915716153316e-03,8.944196517968244775e-02,2.719612577196066638e-01
6.305107526881720332e+02,3.602397602397602872e-01,6.559139784946236205e+02,7.892107892107892708e-02,7.297715053763440665e+02,8.451548451548453189e-02,4.675000000000000000e+02,7.555084934530428842e-03,9.874161075963056033e-02,2.708193667710666053e-01
6.385080645161290249e+02,3.474525474525475000e-01,6.681451612903225623e+02,9.410589410589410841e-02,7.443548387096774377e+02,8.451548451548453189e-02,4.700000000000000000e+02,9.109712969306429237e-03,1.091566553599144646e-01,2.693777155096293563e-01
6.450940860215052908e+02,3.338661338661338962e-01,6.836693548387097508e+02,1.212787212787212882e-01,7.556451612903225623e+02,9.650349650349650255e-02,4.725000000000000000e+02,1.071546479189242063e-02,1.202777482066653275e-01,2.676964635846119100e-01
6.559139784946236205e+02,3.234765234765235031e-01,6.968413978494622825e+02,1.412587412587412716e-01,7.659946236559139834e+02,1.172827172827172887e-01,4.750000000000000000e+02,1.184991837788060276e-02,1.314399991267156120e-01,2.658357706453312597e-01
6.784946236559139834e+02,3.098901098901098994e-01,7.081317204301075208e+02,1.500499500499500871e-01,7.754032258064515872e+02,1.412587412587412716e-01,4.775000000000000000e+02,1.221511432226263932e-02,1.422483416213373986e-01,2.638557963411046758e-01
6.991935483870968255e+02,2.987012987012987453e-01,7.203629032258064626e+02,1.516483516483516647e-01,7.885752688172042326e+02,1.692307692307692402e-01,4.800000000000000000e+02,1.221907291032436720e-02,1.528057717435206964e-01,2.618167003212490962e-01
7.151881720430108089e+02,2.843156843156843250e-01,7.349462365591398338e+02,1.516483516483516647e-01,7.989247311827957674e+02,1.868131868131868156e-01,4.825000000000000000e+02,1.240825607975116172e-02,1.632689998173599277e-01,2.597786422350817359e-01
7.358870967741935374e+02,2.707292707292707212e-01,7.504704301075269086e+02,1.588411588411588471e-01,8.177419354838709751e+02,1.964035964035963922e-01,4.850000000000000000e+02,1.327658770882768520e-02,1.737945642548624769e-01,2.577627282215085303e-01
7.565860215053762658e+02,2.571428571428571730e-01,7.664650537634408920e+02,1.724275724275724508e-01,8.309139784946237342e+02,1.964035964035963922e-01,4.875000000000000000e+02,1.476318773330951087e-02,1.844245234485379359e-01,2.555666728122955589e-01
7.754032258064515872e+02,2.515484515484515682e-01,7.819892473118279668e+02,1.860139860139859991e-01,8.478494623655913074e+02,1.860139860139859991e-01,4.900000000000000000e+02,1.647413063851064716e-02,1.948883244046799024e-01,2.529088932875631079e-01
7.923387096774192742e+02,2.427572427572427527e-01,7.956317204301075208e+02,1.956043956043956311e-01,8.680779569892472409e+02,1.716283716283716343e-01,4.925000000000000000e+02,1.801095849688298320e-02,2.048625431043639700e-01,2.495077126524236077e-01
8.088037634408601662e+02,2.307692307692307820e-01,8.135080645161290249e+02,1.972027972027972087e-01,8.845430107526881329e+02,1.444555444555444823e-01,4.950000000000000000e+02,1.897521338087840986e-02,2.140296917428089474e-01,2.450819490154253766e-01
8.243279569892472409e+02,2.163836163836164173e-01,8.323252688172042326e+02,1.948051948051948146e-01,8.977150537634408920e+02,1.276723276723276679e-01,4.975000000000000000e+02,1.910710905171297130e-02,2.223579117716175668e-01,2.394931460467575046e-01
8.412634408602150415e+02,2.003996003996004194e-01,8.469086021505377175e+02,1.876123876123876322e-01,9.127688172043010582e+02,1.076923076923077122e-01,5.000000000000000000e+02,1.871973211755782046e-02,2.302216684114804790e-01,2.329422008340704675e-01
8.539650537634408920e+02,1.860139860139859991e-01,8.605510752688171578e+02,1.740259740259740284e-01,9.292338709677419502e+02,8.691308691308692602e-02,5.025000000000000000e+02,1.827408199794597690e-02,2.380264459581077074e-01,2.256793537902181401e-01
8.690188172043010582e+02,1.660339660339660295e-01,8.746639784946237342e+02,1.564435564435564530e-01,9.485215053763440665e+02,6.773226773226774522e-02,5.050000000000000000e+02,1.822960498275920035e-02,2.461777287072089426e-01,2.179548453280541476e-01
8.836021505376343157e+02,1.452547452547452989e-01,8.883064516129031745e+02,1.364635364635364834e-01,9.668682795698925929e+02,5.094905094905095855e-02,5.075000000000000000e+02,1.880346758397442170e-02,2.550679596352975476e-01,2.100188688958984917e-01
9.005376344086021163e+02,1.244755244755244988e-01,9.028897849462366594e+02,1.188811188811188940e-01,9.838037634408601662e+02,3.736263736263736868e-02,5.100000000000000000e+02,1.970980462291634788e-02,2.647480834527491389e-01,2.020534393544950458e-01
9.141801075268817840e+02,1.060939060939061068e-01,9.151209677419356012e+02,1.036963036963037127e-01,1.002150537634408693e+03,2.937062937062936974e-02,5.125000000000000000e+02,2.060014929631018288e-02,2.749027335895172786e-01,1.940360653721212858e-01
9.306451612903226760e+02,8.451548451548453189e-02,9.297043010752688588e+02,8.531468531468532068e-02,1.020497311827956992e+03,1.658341658341658253e-02,5.150000000000000000e+02,2.121848197780107359e-02,2.851985507564789857e-01,1.859060717116952088e-01
9.499327956989247923e+02,6.533466533466535109e-02,9.485215053763440665e+02,6.773226773226774522e-02,1.039784946236559108e+03,9.390609390609386264e-03,5.175000000000000000e+02,2.164994364175426914e-02,2.953400478508743654e-01,1.776027992140253586e-01
9.706317204301076345e+02,4.695304695304695908e-02,9.607526881720430083e+02,5.494505494505495802e-02,1.058602150537634316e+03,3.796203796203795333e-03,5.200000000000000000e+02,2.205835455423863639e-02,3.051489819821994742e-01,1.690734180352003180e-01
9.927419354838709751e+02,3.336663336663336921e-02,9.809811827956989418e+02,3.896103896103896014e-02,1.078360215053763341e+03,1.398601398601401202e-03,5.225000000000000000e+02,2.260753498132303876e-02,3.144697294562477374e-01,1.602855070412696203e-01
1.013911290322580726e+03,2.057942057942058200e-02,1.001680107526881784e+03,2.857142857142856707e-02,1.099059139784946183e+03,5.994005994005985327e-04,5.250000000000000000e+02,2.345494477386042900e-02,3.231477064442047631e-01,1.512099862601801181e-01
1.037903225806451701e+03,9.390609390609386264e-03,1.020026881720430083e+03,1.818181818181818787e-02,-1.000000000000000000e+00,-1.000000000000000000e+00,5.275000000000000000e+02,2.461888401060335213e-02,3.310341799452777845e-01,1.418522475891767776e-01
1.056720430107526909e+03,3.796203796203795333e-03,1.043548387096774150e+03,6.193806193806189464e-03,-1.000000000000000000e+00,-1.000000000000000000e+00,5.300000000000000000e+02,2.598234238566242416e-02,3.379824616074784127e-01,1.323103651518395818e-01
1.079301075268817158e+03,1.398601398601401202e-03,1.064717741935483900e+03,2.197802197802189994e-03,-1.000000000000000000e+00,-1.000000000000000000e+00,5.325000000000000000e+02,2.742271924533701971e-02,3.438635713526384530e-01,1.226978298708629178e-01
1.099059139784946183e+03,1.398601398601401202e-03,1.098118279569892593e+03,5.994005994005985327e-04,-1.000000000000000000e+00,-1.000000000000000000e+00,5.350000000000000000e+02,2.881789496395475297e-02,3.489557700931739670e-01,1.131552701567107438e-01
-1.000000000000000000e+00,-1.000000000000000000e+00,-1.000000000000000000e+00,-1.000000000000000000e+00,-1.000000000000000000e+00,-1.000000000000000000e+00,5.375000000000000000e+02,3.017414298378595303e-02,3.539445597320847736e-01,1.039551063178903723e-01
-1.000000000000000000e+00,-1.000000000000000000e+00,-1.000000000000000000e+00,-1.000000000000000000e+00,-1.000000000000000000e+00,-1.000000000000000000e+00,5.400000000000000000e+02,3.179840667934666354e-02,3.593055214305432288e-01,9.540970993185671212e-02
-1.000000000000000000e+00,-1.000000000000000000e+00,-1.000000000000000000e+00,-1.000000000000000000e+00,-1.000000000000000000e+00,-1.000000000000000000e+00,5.425000000000000000e+02,3.404060922562787694e-02,3.641457963058015723e-01,8.780834398335707336e-02
-1.000000000000000000e+00,-1.000000000000000000e+00,-1.000000000000000000e+00,-1.000000000000000000e+00,-1.000000000000000000e+00,-1.000000000000000000e+00,5.450000000000000000e+02,3.725950803622942592e-02,3.670673710694511982e-01,8.122978050509115089e-02
-1.000000000000000000e+00,-1.000000000000000000e+00,-1.000000000000000000e+00,-1.000000000000000000e+00,-1.000000000000000000e+00,-1.000000000000000000e+00,5.475000000000000000e+02,4.212105237398353075e-02,3.672327761373384014e-01,7.564034607770982188e-02
-1.000000000000000000e+00,-1.000000000000000000e+00,-1.000000000000000000e+00,-1.000000000000000000e+00,-1.000000000000000000e+00,-1.000000000000000000e+00,5.500000000000000000e+02,4.967046060496665277e-02,3.649529061703723487e-01,7.100530957019141054e-02
-1.000000000000000000e+00,-1.000000000000000000e+00,-1.000000000000000000e+00,-1.000000000000000000e+00,-1.000000000000000000e+00,-1.000000000000000000e+00,5.525000000000000000e+02,6.077309384744210286e-02,3.606771754824629195e-01,6.728170826729473752e-02
-1.000000000000000000e+00,-1.000000000000000000e+00,-1.000000000000000000e+00,-1.000000000000000000e+00,-1.000000000000000000e+00,-1.000000000000000000e+00,5.550000000000000000e+02,7.471692748423264252e-02,3.547847644833057035e-01,6.436271386955978724e-02
-1.000000000000000000e+00,-1.000000000000000000e+00,-1.000000000000000000e+00,-1.000000000000000000e+00,-1.000000000000000000e+00,-1.000000000000000000e+00,5.575000000000000000e+02,9.005358365810375854e-02,3.475656576948075727e-01,6.211164355322363467e-02
-1.000000000000000000e+00,-1.000000000000000000e+00,-1.000000000000000000e+00,-1.000000000000000000e+00,-1.000000000000000000e+00,-1.000000000000000000e+00,5.600000000000000000e+02,1.057771413081668027e-01,3.393002111841936230e-01,6.039164521484219339e-02
-1.000000000000000000e+00,-1.000000000000000000e+00,-1.000000000000000000e+00,-1.000000000000000000e+00,-1.000000000000000000e+00,-1.000000000000000000e+00,5.625000000000000000e+02,1.220281182951013926e-01,3.302075706458037496e-01,5.906586675097135614e-02
-1.000000000000000000e+00,-1.000000000000000000e+00,-1.000000000000000000e+00,-1.000000000000000000e+00,-1.000000000000000000e+00,-1.000000000000000000e+00,5.650000000000000000e+02,1.391284144230798825e-01,3.204579985818640231e-01,5.801305865748902779e-02
-1.000000000000000000e+00,-1.000000000000000000e+00,-1.000000000000000000e+00,-1.000000000000000000e+00,-1.000000000000000000e+00,-1.000000000000000000e+00,5.675000000000000000e+02,1.573999294962747098e-01,3.102199339878997653e-01,5.719832600406946077e-02
-1.000000000000000000e+00,-1.000000000000000000e+00,-1.000000000000000000e+00,-1.000000000000000000e+00,-1.000000000000000000e+00,-1.000000000000000000e+00,5.700000000000000000e+02,1.771268438373649612e-01,2.995629809005642685e-01,5.661648242520576912e-02
-1.000000000000000000e+00,-1.000000000000000000e+00,-1.000000000000000000e+00,-1.000000000000000000e+00,-1.000000000000000000e+00,-1.000000000000000000e+00,5.725000000000000000e+02,1.980992443159242944e-01,2.883355636668329947e-01,5.626236884282379697e-02
-1.000000000000000000e+00,-1.000000000000000000e+00,-1.000000000000000000e+00,-1.000000000000000000e+00,-1.000000000000000000e+00,-1.000000000000000000e+00,5.750000000000000000e+02,2.197598899897386937e-01,2.763560761060123161e-01,5.613082617884945086e-02
-1.000000000000000000e+00,-1.000000000000000000e+00,-1.000000000000000000e+00,-1.000000000000000000e+00,-1.000000000000000000e+00,-1.000000000000000000e+00,5.775000000000000000e+02,2.415443214254114623e-01,2.634446929106035729e-01,5.621669535520859573e-02
-1.000000000000000000e+00,-1.000000000000000000e+00,-1.000000000000000000e+00,-1.000000000000000000e+00,-1.000000000000000000e+00,-1.000000000000000000e+00,5.800000000000000000e+02,2.628880791895460423e-01,2.496429322687397645e-01,5.651481729382709651e-02
-1.000000000000000000e+00,-1.000000000000000000e+00,-1.000000000000000000e+00,-1.000000000000000000e+00,-1.000000000000000000e+00,-1.000000000000000000e+00,5.825000000000000000e+02,2.832267038487458199e-01,2.354253815906980074e-01,5.700689439653897767e-02
-1.000000000000000000e+00,-1.000000000000000000e+00,-1.000000000000000000e+00,-1.000000000000000000e+00,-1.000000000000000000e+00,-1.000000000000000000e+00,5.850000000000000000e+02,3.020279327512835899e-01,2.213168328980984201e-01,5.760977682278677764e-02
-1.000000000000000000e+00,-1.000000000000000000e+00,-1.000000000000000000e+00,-1.000000000000000000e+00,-1.000000000000000000e+00,-1.000000000000000000e+00,5.875000000000000000e+02,3.192174777033427446e-01,2.078420782125608990e-01,5.822033991550931709e-02
-1.000000000000000000e+00,-1.000000000000000000e+00,-1.000000000000000000e+00,-1.000000000000000000e+00,-1.000000000000000000e+00,-1.000000000000000000e+00,5.900000000000000000e+02,3.350618181689719033e-01,1.954851190388792181e-01,5.873545344273117114e-02
-1.000000000000000000e+00,-1.000000000000000000e+00,-1.000000000000000000e+00,-1.000000000000000000e+00,-1.000000000000000000e+00,-1.000000000000000000e+00,5.925000000000000000e+02,3.498355450043654225e-01,1.843517291133497382e-01,5.905198717247691492e-02
-1.000000000000000000e+00,-1.000000000000000000e+00,-1.000000000000000000e+00,-1.000000000000000000e+00,-1.000000000000000000e+00,-1.000000000000000000e+00,5.950000000000000000e+02,3.636972389309637288e-01,1.743426435084548809e-01,5.906681087277106112e-02
-1.000000000000000000e+00,-1.000000000000000000e+00,-1.000000000000000000e+00,-1.000000000000000000e+00,-1.000000000000000000e+00,-1.000000000000000000e+00,5.975000000000000000e+02,3.754319057142056493e-01,1.653565703025242917e-01,5.868336973890500574e-02
-1.000000000000000000e+00,-1.000000000000000000e+00,-1.000000000000000000e+00,-1.000000000000000000e+00,-1.000000000000000000e+00,-1.000000000000000000e+00,6.000000000000000000e+02,3.836100618412319752e-01,1.572917576289666886e-01,5.793568198100525896e-02
-1.000000000000000000e+00,-1.000000000000000000e+00,-1.000000000000000000e+00,-1.000000000000000000e+00,-1.000000000000000000e+00,-1.000000000000000000e+00,6.025000000000000000e+02,3.885196498254895880e-01,1.500289093938103058e-01,5.697779750128274118e-02
-1.000000000000000000e+00,-1.000000000000000000e+00,-1.000000000000000000e+00,-1.000000000000000000e+00,-1.000000000000000000e+00,-1.000000000000000000e+00,6.050000000000000000e+02,3.908086507034030932e-01,1.434261315039377094e-01,5.596822868060854356e-02
-1.000000000000000000e+00,-1.000000000000000000e+00,-1.000000000000000000e+00,-1.000000000000000000e+00,-1.000000000000000000e+00,-1.000000000000000000e+00,6.075000000000000000e+02,3.914049782875727024e-01,1.373400388204657208e-01,5.505323118232643975e-02
-1.000000000000000000e+00,-1.000000000000000000e+00,-1.000000000000000000e+00,-1.000000000000000000e+00,-1.000000000000000000e+00,-1.000000000000000000e+00,6.100000000000000000e+02,3.912014367734984455e-01,1.316272462045111891e-01,5.427882399252238754e-02
-1.000000000000000000e+00,-1.000000000000000000e+00,-1.000000000000000000e+00,-1.000000000000000000e+00,-1.000000000000000000e+00,-1.000000000000000000e+00,6.125000000000000000e+02,3.904882732898307118e-01,1.261444543094983328e-01,5.364202381851090884e-02
-1.000000000000000000e+00,-1.000000000000000000e+00,-1.000000000000000000e+00,-1.000000000000000000e+00,-1.000000000000000000e+00,-1.000000000000000000e+00,6.150000000000000000e+02,3.893019661985621660e-01,1.207995999486310562e-01,5.313951411662923979e-02
-1.000000000000000000e+00,-1.000000000000000000e+00,-1.000000000000000000e+00,-1.000000000000000000e+00,-1.000000000000000000e+00,-1.000000000000000000e+00,6.175000000000000000e+02,3.874967967367332067e-01,1.156383751962562489e-01,5.276797834321463737e-02
-1.000000000000000000e+00,-1.000000000000000000e+00,-1.000000000000000000e+00,-1.000000000000000000e+00,-1.000000000000000000e+00,-1.000000000000000000e+00,6.200000000000000000e+02,3.846797736722027405e-01,1.107293863927237693e-01,5.252409495294028258e-02
-1.000000000000000000e+00,-1.000000000000000000e+00,-1.000000000000000000e+00,-1.000000000000000000e+00,-1.000000000000000000e+00,-1.000000000000000000e+00,6.225000000000000000e+02,3.804401560489933387e-01,1.061412398783834476e-01,5.240080948224200286e-02
-1.000000000000000000e+00,-1.000000000000000000e+00,-1.000000000000000000e+00,-1.000000000000000000e+00,-1.000000000000000000e+00,-1.000000000000000000e+00,6.250000000000000000e+02,3.745164641977065667e-01,1.019407489569257030e-01,5.238071407588378026e-02
-1.000000000000000000e+00,-1.000000000000000000e+00,-1.000000000000000000e+00,-1.000000000000000000e+00,-1.000000000000000000e+00,-1.000000000000000000e+00,6.275000000000000000e+02,3.677277841892740984e-01,9.813598713512688976e-02,5.244462057602188032e-02
-1.000000000000000000e+00,-1.000000000000000000e+00,-1.000000000000000000e+00,-1.000000000000000000e+00,-1.000000000000000000e+00,-1.000000000000000000e+00,6.300000000000000000e+02,3.613688225872663806e-01,9.466452157191763972e-02,5.257334082481263104e-02
-1.000000000000000000e+00,-1.000000000000000000e+00,-1.000000000000000000e+00,-1.000000000000000000e+00,-1.000000000000000000e+00,-1.000000000000000000e+00,6.325000000000000000e+02,3.565363655272526522e-01,9.145974845874824122e-02,5.274768666441232573e-02
-1.000000000000000000e+00,-1.000000000000000000e+00,-1.000000000000000000e+00,-1.000000000000000000e+00,-1.000000000000000000e+00,-1.000000000000000000e+00,6.350000000000000000e+02,3.528286100773215805e-01,8.845571093591225731e-02,5.294846993697727849e-02
-1.000000000000000000e+00,-1.000000000000000000e+00,-1.000000000000000000e+00,-1.000000000000000000e+00,-1.000000000000000000e+00,-1.000000000000000000e+00,6.375000000000000000e+02,3.491639413825111116e-01,8.564066095460533268e-02,5.315650248466378958e-02
-1.000000000000000000e+00,-1.000000000000000000e+00,-1.000000000000000000e+00,-1.000000000000000000e+00,-1.000000000000000000e+00,-1.000000000000000000e+00,6.400000000000000000e+02,3.445357427893457336e-01,8.309717276755398951e-02,5.335259675901985604e-02
-1.000000000000000000e+00,-1.000000000000000000e+00,-1.000000000000000000e+00,-1.000000000000000000e+00,-1.000000000000000000e+00,-1.000000000000000000e+00,6.425000000000000000e+02,3.391253583910064928e-01,8.091727016285382712e-02,5.353753132123154068e-02
-1.000000000000000000e+00,-1.000000000000000000e+00,-1.000000000000000000e+00,-1.000000000000000000e+00,-1.000000000000000000e+00,-1.000000000000000000e+00,6.450000000000000000e+02,3.340364198391317374e-01,7.919283982098035413e-02,5.378459076626719571e-02
-1.000000000000000000e+00,-1.000000000000000000e+00,-1.000000000000000000e+00,-1.000000000000000000e+00,-1.000000000000000000e+00,-1.000000000000000000e+00,6.475000000000000000e+02,3.301753552119630619e-01,7.800785163803225508e-02,5.418351326497809761e-02
-1.000000000000000000e+00,-1.000000000000000000e+00,-1.000000000000000000e+00,-1.000000000000000000e+00,-1.000000000000000000e+00,-1.000000000000000000e+00,6.500000000000000000e+02,3.274571287768210937e-01,7.743417931949410360e-02,5.482403698821548821e-02
-1.000000000000000000e+00,-1.000000000000000000e+00,-1.000000000000000000e+00,-1.000000000000000000e+00,-1.000000000000000000e+00,-1.000000000000000000e+00,6.525000000000000000e+02,3.255192620831623973e-01,7.754267620649597792e-02,5.579590010683063706e-02
-1.000000000000000000e+00,-1.000000000000000000e+00,-1.000000000000000000e+00,-1.000000000000000000e+00,-1.000000000000000000e+00,-1.000000000000000000e+00,6.550000000000000000e+02,3.239992634407350969e-01,7.840419564016794240e-02,5.718884079167479983e-02
-1.000000000000000000e+00,-1.000000000000000000e+00,-1.000000000000000000e+00,-1.000000000000000000e+00,-1.000000000000000000e+00,-1.000000000000000000e+00,6.575000000000000000e+02,3.225509437505218457e-01,8.008078734443423163e-02,5.909257934898779624e-02
-1.000000000000000000e+00,-1.000000000000000000e+00,-1.000000000000000000e+00,-1.000000000000000000e+00,-1.000000000000000000e+00,-1.000000000000000000e+00,6.600000000000000000e+02,3.210416641342024868e-01,8.251918106922059848e-02,6.153282750741650292e-02
-1.000000000000000000e+00,-1.000000000000000000e+00,-1.000000000000000000e+00,-1.000000000000000000e+00,-1.000000000000000000e+00,-1.000000000000000000e+00,6.625000000000000000e+02,3.194889029238658362e-01,8.558504126400703904e-02,6.432748032863408461e-02
-1.000000000000000000e+00,-1.000000000000000000e+00,-1.000000000000000000e+00,-1.000000000000000000e+00,-1.000000000000000000e+00,-1.000000000000000000e+00,6.650000000000000000e+02,3.179132583277609059e-01,8.914234760343939246e-02,6.725233096150753931e-02
-1.000000000000000000e+00,-1.000000000000000000e+00,-1.000000000000000000e+00,-1.000000000000000000e+00,-1.000000000000000000e+00,-1.000000000000000000e+00,6.675000000000000000e+02,3.163353285541365412e-01,9.305507976216356725e-02,7.008317255490381648e-02
-1.000000000000000000e+00,-1.000000000000000000e+00,-1.000000000000000000e+00,-1.000000000000000000e+00,-1.000000000000000000e+00,-1.000000000000000000e+00,6.700000000000000000e+02,3.147757118112415875e-01,9.719336703157721580e-02,7.259832080067370186e-02
-1.000000000000000000e+00,-1.000000000000000000e+00,-1.000000000000000000e+00,-1.000000000000000000e+00,-1.000000000000000000e+00,-1.000000000000000000e+00,6.725000000000000000e+02,3.132550063073248903e-01,1.014823279119326377e-01,7.469746707881709524e-02
-1.000000000000000000e+00,-1.000000000000000000e+00,-1.000000000000000000e+00,-1.000000000000000000e+00,-1.000000000000000000e+00,-1.000000000000000000e+00,6.750000000000000000e+02,3.117938102506354059e-01,1.058760276200921696e-01,7.645296654932894065e-02
-1.000000000000000000e+00,-1.000000000000000000e+00,-1.000000000000000000e+00,-1.000000000000000000e+00,-1.000000000000000000e+00,-1.000000000000000000e+00,6.775000000000000000e+02,3.104127218494219798e-01,1.103287901551796985e-01,7.795035566050736997e-02
-1.000000000000000000e+00,-1.000000000000000000e+00,-1.000000000000000000e+00,-1.000000000000000000e+00,-1.000000000000000000e+00,-1.000000000000000000e+00,6.800000000000000000e+02,3.091299663224877925e-01,1.147949395163191944e-01,7.927517086065051510e-02
-1.000000000000000000e+00,-1.000000000000000000e+00,-1.000000000000000000e+00,-1.000000000000000000e+00,-1.000000000000000000e+00,-1.000000000000000000e+00,6.825000000000000000e+02,3.079285625953260830e-01,1.192287997026346136e-01,8.051294859805648019e-02
-1.000000000000000000e+00,-1.000000000000000000e+00,-1.000000000000000000e+00,-1.000000000000000000e+00,-1.000000000000000000e+00,-1.000000000000000000e+00,6.850000000000000000e+02,3.067645806726331248e-01,1.235841738413477053e-01,8.174825941603600099e-02
-1.000000000000000000e+00,-1.000000000000000000e+00,-1.000000000000000000e+00,-1.000000000000000000e+00,-1.000000000000000000e+00,-1.000000000000000000e+00,6.875000000000000000e+02,3.055934061167174809e-01,1.278045217296047698e-01,8.301196505419151939e-02
-1.000000000000000000e+00,-1.000000000000000000e+00,-1.000000000000000000e+00,-1.000000000000000000e+00,-1.000000000000000000e+00,-1.000000000000000000e+00,6.900000000000000000e+02,3.043704244898876587e-01,1.318237948644466473e-01,8.425403211989329622e-02
-1.000000000000000000e+00,-1.000000000000000000e+00,-1.000000000000000000e+00,-1.000000000000000000e+00,-1.000000000000000000e+00,-1.000000000000000000e+00,6.925000000000000000e+02,3.030510213544519993e-01,1.355755912480529624e-01,8.541773648320886980e-02
-1.000000000000000000e+00,-1.000000000000000000e+00,-1.000000000000000000e+00,-1.000000000000000000e+00,-1.000000000000000000e+00,-1.000000000000000000e+00,6.950000000000000000e+02,3.015905822727193430e-01,1.389935088826033671e-01,8.644635401420587562e-02
-1.000000000000000000e+00,-1.000000000000000000e+00,-1.000000000000000000e+00,-1.000000000000000000e+00,-1.000000000000000000e+00,-1.000000000000000000e+00,6.975000000000000000e+02,2.999444928069979199e-01,1.420113883791334075e-01,8.728316058295186586e-02
-1.000000000000000000e+00,-1.000000000000000000e+00,-1.000000000000000000e+00,-1.000000000000000000e+00,-1.000000000000000000e+00,-1.000000000000000000e+00,7.000000000000000000e+02,2.980688020682033534e-01,1.445888621246158579e-01,8.787200980905113257e-02
-1.000000000000000000e+00,-1.000000000000000000e+00,-1.000000000000000000e+00,-1.000000000000000000e+00,-1.000000000000000000e+00,-1.000000000000000000e+00,7.025000000000000000e+02,2.959626374063643039e-01,1.467338431200733428e-01,8.819426338977975899e-02
-1.000000000000000000e+00,-1.000000000000000000e+00,-1.000000000000000000e+00,-1.000000000000000000e+00,-1.000000000000000000e+00,-1.000000000000000000e+00,7.050000000000000000e+02,2.936938459194424200e-01,1.484595468596151269e-01,8.829111707543198240e-02
-1.000000000000000000e+00,-1.000000000000000000e+00,-1.000000000000000000e+00,-1.000000000000000000e+00,-1.000000000000000000e+00,-1.000000000000000000e+00,7.075000000000000000e+02,2.913364198290483431e-01,1.497791888373506408e-01,8.820911715476149884e-02
-1.000000000000000000e+00,-1.000000000000000000e+00,-1.000000000000000000e+00,-1.000000000000000000e+00,-1.000000000000000000e+00,-1.000000000000000000e+00,7.100000000000000000e+02,2.889643513567926036e-01,1.507095526649000206e-01,8.799480991652196271e-02
-1.000000000000000000e+00,-1.000000000000000000e+00,-1.000000000000000000e+00,-1.000000000000000000e+00,-1.000000000000000000e+00,-1.000000000000000000e+00,7.125000000000000000e+02,2.866516327242860096e-01,1.512987578832158675e-01,8.769474048020714507e-02
-1.000000000000000000e+00,-1.000000000000000000e+00,-1.000000000000000000e+00,-1.000000000000000000e+00,-1.000000000000000000e+00,-1.000000000000000000e+00,7.150000000000000000e+02,2.844722561531393135e-01,1.516111782041480172e-01,8.734665465843247101e-02
-1.000000000000000000e+00,-1.000000000000000000e+00,-1.000000000000000000e+00,-1.000000000000000000e+00,-1.000000000000000000e+00,-1.000000000000000000e+00,7.175000000000000000e+02,2.824852700165192965e-01,1.517113252789431543e-01,8.695832917112368554e-02
-1.000000000000000000e+00,-1.000000000000000000e+00,-1.000000000000000000e+00,-1.000000000000000000e+00,-1.000000000000000000e+00,-1.000000000000000000e+00,7.200000000000000000e+02,2.806747488819432701e-01,1.516637107588478250e-01,8.653116619557503497e-02
-1.000000000000000000e+00,-1.000000000000000000e+00,-1.000000000000000000e+00,-1.000000000000000000e+00,-1.000000000000000000e+00,-1.000000000000000000e+00,7.225000000000000000e+02,2.790013050031016073e-01,1.515321309065441879e-01,8.606656790908075172e-02
-1.000000000000000000e+00,-1.000000000000000000e+00,-1.000000000000000000e+00,-1.000000000000000000e+00,-1.000000000000000000e+00,-1.000000000000000000e+00,7.250000000000000000e+02,2.774255425750543069e-01,1.513759353813465824e-01,8.556593648893519310e-02
-1.000000000000000000e+00,-1.000000000000000000e+00,-1.000000000000000000e+00,-1.000000000000000000e+00,-1.000000000000000000e+00,-1.000000000000000000e+00,7.275000000000000000e+02,2.759080657928616453e-01,1.512527680091404481e-01,8.503067411243256379e-02
-1.000000000000000000e+00,-1.000000000000000000e+00,-1.000000000000000000e+00,-1.000000000000000000e+00,-1.000000000000000000e+00,-1.000000000000000000e+00,7.300000000000000000e+02,2.744094788515836769e-01,1.512202691127967347e-01,8.446219792206130506e-02
-1.000000000000000000e+00,-1.000000000000000000e+00,-1.000000000000000000e+00,-1.000000000000000000e+00,-1.000000000000000000e+00,-1.000000000000000000e+00,7.325000000000000000e+02,2.728903859462805115e-01,1.513360790151867252e-01,8.388734662408030285e-02
-1.000000000000000000e+00,-1.000000000000000000e+00,-1.000000000000000000e+00,-1.000000000000000000e+00,-1.000000000000000000e+00,-1.000000000000000000e+00,7.350000000000000000e+02,2.713113912720122589e-01,1.516578379192539960e-01,8.341042471224320576e-02
-1.000000000000000000e+00,-1.000000000000000000e+00,-1.000000000000000000e+00,-1.000000000000000000e+00,-1.000000000000000000e+00,-1.000000000000000000e+00,7.375000000000000000e+02,2.696367730126926210e-01,1.522303336665057905e-01,8.315043933317918523e-02
-1.000000000000000000e+00,-1.000000000000000000e+00,-1.000000000000000000e+00,-1.000000000000000000e+00,-1.000000000000000000e+00,-1.000000000000000000e+00,7.400000000000000000e+02,2.678770331837467822e-01,1.530501549884809021e-01,8.322639763351737108e-02
-1.000000000000000000e+00,-1.000000000000000000e+00,-1.000000000000000000e+00,-1.000000000000000000e+00,-1.000000000000000000e+00,-1.000000000000000000e+00,7.425000000000000000e+02,2.660742535717899870e-01,1.541025938931662176e-01,8.375730675988679597e-02
-1.000000000000000000e+00,-1.000000000000000000e+00,-1.000000000000000000e+00,-1.000000000000000000e+00,-1.000000000000000000e+00,-1.000000000000000000e+00,7.450000000000000000e+02,2.642711272233330688e-01,1.553729423885487348e-01,8.486175075557517156e-02
-1.000000000000000000e+00,-1.000000000000000000e+00,-1.000000000000000000e+00,-1.000000000000000000e+00,-1.000000000000000000e+00,-1.000000000000000000e+00,7.475000000000000000e+02,2.625103471848869718e-01,1.568464924826154239e-01,8.661098641490524996e-02
-1.000000000000000000e+00,-1.000000000000000000e+00,-1.000000000000000000e+00,-1.000000000000000000e+00,-1.000000000000000000e+00,-1.000000000000000000e+00,7.500000000000000000e+02,2.608346065029623628e-01,1.585085361833532547e-01,8.898636437762963425e-02
-1.000000000000000000e+00,-1.000000000000000000e+00,-1.000000000000000000e+00,-1.000000000000000000e+00,-1.000000000000000000e+00,-1.000000000000000000e+00,7.525000000000000000e+02,2.592865982240700751e-01,1.603429672071325918e-01,9.195918079452475302e-02
-1.000000000000000000e+00,-1.000000000000000000e+00,-1.000000000000000000e+00,-1.000000000000000000e+00,-1.000000000000000000e+00,-1.000000000000000000e+00,7.550000000000000000e+02,2.579090153947210529e-01,1.623237286577290384e-01,9.550073181636707653e-02
-1.000000000000000000e+00,-1.000000000000000000e+00,-1.000000000000000000e+00,-1.000000000000000000e+00,-1.000000000000000000e+00,-1.000000000000000000e+00,7.575000000000000000e+02,2.567437609915727559e-01,1.644204495611594485e-01,9.958336579963202040e-02
-1.000000000000000000e+00,-1.000000000000000000e+00,-1.000000000000000000e+00,-1.000000000000000000e+00,-1.000000000000000000e+00,-1.000000000000000000e+00,7.600000000000000000e+02,2.557947226739065161e-01,1.666027415305428860e-01,1.041888398105210028e-01
-1.000000000000000000e+00,-1.000000000000000000e+00,-1.000000000000000000e+00,-1.000000000000000000e+00,-1.000000000000000000e+00,-1.000000000000000000e+00,7.625000000000000000e+02,2.550117091623300691e-01,1.688402161789984146e-01,1.093038637279739045e-01
-1.000000000000000000e+00,-1.000000000000000000e+00,-1.000000000000000000e+00,-1.000000000000000000e+00,-1.000000000000000000e+00,-1.000000000000000000e+00,7.650000000000000000e+02,2.543404007488840324e-01,1.711024851196452923e-01,1.149151917088396535e-01
-1.000000000000000000e+00,-1.000000000000000000e+00,-1.000000000000000000e+00,-1.000000000000000000e+00,-1.000000000000000000e+00,-1.000000000000000000e+00,7.675000000000000000e+02,2.537264777256094117e-01,1.733595276862862078e-01,1.210012040667331062e-01
-1.000000000000000000e+00,-1.000000000000000000e+00,-1.000000000000000000e+00,-1.000000000000000000e+00,-1.000000000000000000e+00,-1.000000000000000000e+00,7.700000000000000000e+02,2.531156203845468244e-01,1.755945048771767880e-01,1.274160445825016919e-01
-1.000000000000000000e+00,-1.000000000000000000e+00,-1.000000000000000000e+00,-1.000000000000000000e+00,-1.000000000000000000e+00,-1.000000000000000000e+00,7.725000000000000000e+02,2.524535090177371655e-01,1.778070834579241477e-01,1.339187592528517656e-01
-1.000000000000000000e+00,-1.000000000000000000e+00,-1.000000000000000000e+00,-1.000000000000000000e+00,-1.000000000000000000e+00,-1.000000000000000000e+00,7.750000000000000000e+02,2.516858239172212186e-01,1.799979732927701748e-01,1.402659788032082910e-01
-1.000000000000000000e+00,-1.000000000000000000e+00,-1.000000000000000000e+00,-1.000000000000000000e+00,-1.000000000000000000e+00,-1.000000000000000000e+00,7.775000000000000000e+02,2.507653681705244164e-01,1.821678842459568404e-01,1.462455391866945842e-01
-1.000000000000000000e+00,-1.000000000000000000e+00,-1.000000000000000000e+00,-1.000000000000000000e+00,-1.000000000000000000e+00,-1.000000000000000000e+00,7.800000000000000000e+02,2.496915044265293482e-01,1.843175261817260602e-01,1.518492554987316834e-01
-1.000000000000000000e+00,-1.000000000000000000e+00,-1.000000000000000000e+00,-1.000000000000000000e+00,-1.000000000000000000e+00,-1.000000000000000000e+00,7.825000000000000000e+02,2.484823003721475798e-01,1.864475177175317633e-01,1.571508902909102834e-01
-1.000000000000000000e+00,-1.000000000000000000e+00,-1.000000000000000000e+00,-1.000000000000000000e+00,-1.000000000000000000e+00,-1.000000000000000000e+00,7.850000000000000000e+02,2.471558743514040424e-01,1.885401523913166344e-01,1.622244280454916421e-01
-1.000000000000000000e+00,-1.000000000000000000e+00,-1.000000000000000000e+00,-1.000000000000000000e+00,-1.000000000000000000e+00,-1.000000000000000000e+00,7.875000000000000000e+02,2.457303447083240000e-01,1.905373276213235822e-01,1.671438532447368508e-01
-1.000000000000000000e+00,-1.000000000000000000e+00,-1.000000000000000000e+00,-1.000000000000000000e+00,-1.000000000000000000e+00,-1.000000000000000000e+00,7.900000000000000000e+02,2.442238297869325780e-01,1.923755500416605979e-01,1.719755519231113416e-01
-1.000000000000000000e+00,-1.000000000000000000e+00,-1.000000000000000000e+00,-1.000000000000000000e+00,-1.000000000000000000e+00,-1.000000000000000000e+00,7.925000000000000000e+02,2.426544466426348301e-01,1.939913262864356169e-01,1.766574653823198282e-01
-1.000000000000000000e+00,-1.000000000000000000e+00,-1.000000000000000000e+00,-1.000000000000000000e+00,-1.000000000000000000e+00,-1.000000000000000000e+00,7.950000000000000000e+02,2.410345288428508703e-01,1.953211629897565749e-01,1.810205258710162468e-01
-1.000000000000000000e+00,-1.000000000000000000e+00,-1.000000000000000000e+00,-1.000000000000000000e+00,-1.000000000000000000e+00,-1.000000000000000000e+00,7.975000000000000000e+02,2.393573312904441197e-01,1.963096959745770087e-01,1.848923991785695886e-01
-1.000000000000000000e+00,-1.000000000000000000e+00,-1.000000000000000000e+00,-1.000000000000000000e+00,-1.000000000000000000e+00,-1.000000000000000000e+00,8.000000000000000000e+02,2.376121803688948098e-01,1.969729532437426434e-01,1.881044102237085514e-01
-1.000000000000000000e+00,-1.000000000000000000e+00,-1.000000000000000000e+00,-1.000000000000000000e+00,-1.000000000000000000e+00,-1.000000000000000000e+00,8.025000000000000000e+02,2.357884024616828389e-01,1.973639944349485087e-01,1.906077568314558934e-01
-1.000000000000000000e+00,-1.000000000000000000e+00,-1.000000000000000000e+00,-1.000000000000000000e+00,-1.000000000000000000e+00,-1.000000000000000000e+00,8.050000000000000000e+02,2.338753239522883554e-01,1.975361934511569995e-01,1.924975222549849818e-01
-1.000000000000000000e+00,-1.000000000000000000e+00,-1.000000000000000000e+00,-1.000000000000000000e+00,-1.000000000000000000e+00,-1.000000000000000000e+00,8.075000000000000000e+02,2.318622712241913686e-01,1.975429241953305937e-01,1.938773016256197801e-01
-1.000000000000000000e+00,-1.000000000000000000e+00,-1.000000000000000000e+00,-1.000000000000000000e+00,-1.000000000000000000e+00,-1.000000000000000000e+00,8.100000000000000000e+02,2.297392483599676460e-01,1.974375605704317416e-01,1.948506900746843629e-01
-1.000000000000000000e+00,-1.000000000000000000e+00,-1.000000000000000000e+00,-1.000000000000000000e+00,-1.000000000000000000e+00,-1.000000000000000000e+00,8.125000000000000000e+02,2.275135410474397601e-01,1.972734764794229489e-01,1.955212827335027215e-01
-1.000000000000000000e+00,-1.000000000000000000e+00,-1.000000000000000000e+00,-1.000000000000000000e+00,-1.000000000000000000e+00,-1.000000000000000000e+00,8.150000000000000000e+02,2.252107139428244642e-01,1.971013826032531613e-01,1.959926747333989860e-01
-1.000000000000000000e+00,-1.000000000000000000e+00,-1.000000000000000000e+00,-1.000000000000000000e+00,-1.000000000000000000e+00,-1.000000000000000000e+00,8.175000000000000000e+02,2.228572090709422249e-01,1.969316263488732344e-01,1.963684612056972034e-01
-1.000000000000000000e+00,-1.000000000000000000e+00,-1.000000000000000000e+00,-1.000000000000000000e+00,-1.000000000000000000e+00,-1.000000000000000000e+00,8.200000000000000000e+02,2.204794684566132590e-01,1.967432186118787951e-01,1.967285989833405246e-01
-1.000000000000000000e+00,-1.000000000000000000e+00,-1.000000000000000000e+00,-1.000000000000000000e+00,-1.000000000000000000e+00,-1.000000000000000000e+00,8.225000000000000000e+02,2.181039341246578667e-01,1.965143487601383743e-01,1.970264423856546987e-01
-1.000000000000000000e+00,-1.000000000000000000e+00,-1.000000000000000000e+00,-1.000000000000000000e+00,-1.000000000000000000e+00,-1.000000000000000000e+00,8.250000000000000000e+02,2.157568844068119551e-01,1.962232061615204748e-01,1.971731387921269174e-01
-1.000000000000000000e+00,-1.000000000000000000e+00,-1.000000000000000000e+00,-1.000000000000000000e+00,-1.000000000000000000e+00,-1.000000000000000000e+00,8.275000000000000000e+02,2.134480394166960726e-01,1.958479801838936551e-01,1.970798065081710571e-01
-1.000000000000000000e+00,-1.000000000000000000e+00,-1.000000000000000000e+00,-1.000000000000000000e+00,-1.000000000000000000e+00,-1.000000000000000000e+00,8.300000000000000000e+02,2.111565748926815533e-01,1.953668601951263906e-01,1.966575638392010494e-01
-1.000000000000000000e+00,-1.000000000000000000e+00,-1.000000000000000000e+00,-1.000000000000000000e+00,-1.000000000000000000e+00,-1.000000000000000000e+00,8.325000000000000000e+02,2.088583724711295664e-01,1.947580354811366266e-01,1.958255761597953171e-01
-1.000000000000000000e+00,-1.000000000000000000e+00,-1.000000000000000000e+00,-1.000000000000000000e+00,-1.000000000000000000e+00,-1.000000000000000000e+00,8.350000000000000000e+02,2.065293137884013364e-01,1.939994017002093230e-01,1.946084186760954626e-01
-1.000000000000000000e+00,-1.000000000000000000e+00,-1.000000000000000000e+00,-1.000000000000000000e+00,-1.000000000000000000e+00,-1.000000000000000000e+00,8.375000000000000000e+02,2.041452804808579491e-01,1.930679011897101782e-01,1.931047654634094335e-01
-1.000000000000000000e+00,-1.000000000000000000e+00,-1.000000000000000000e+00,-1.000000000000000000e+00,-1.000000000000000000e+00,-1.000000000000000000e+00,8.400000000000000000e+02,2.016821541848606014e-01,1.919402831521865582e-01,1.914148305889941948e-01
-1.000000000000000000e+00,-1.000000000000000000e+00,-1.000000000000000000e+00,-1.000000000000000000e+00,-1.000000000000000000e+00,-1.000000000000000000e+00,8.425000000000000000e+02,1.991164326014442099e-01,1.905932967901861064e-01,1.896388281201065729e-01
-1.000000000000000000e+00,-1.000000000000000000e+00,-1.000000000000000000e+00,-1.000000000000000000e+00,-1.000000000000000000e+00,-1.000000000000000000e+00,8.450000000000000000e+02,1.964391471489585483e-01,1.890036913062561608e-01,1.878769721240034218e-01
-1.000000000000000000e+00,-1.000000000000000000e+00,-1.000000000000000000e+00,-1.000000000000000000e+00,-1.000000000000000000e+00,-1.000000000000000000e+00,8.475000000000000000e+02,1.936560682398986433e-01,1.871483616877372413e-01,1.862294766679415403e-01
-1.000000000000000000e+00,-1.000000000000000000e+00,-1.000000000000000000e+00,-1.000000000000000000e+00,-1.000000000000000000e+00,-1.000000000000000000e+00,8.500000000000000000e+02,1.907736234093311556e-01,1.850244425144869642e-01,1.847744835591311197e-01
-1.000000000000000000e+00,-1.000000000000000000e+00,-1.000000000000000000e+00,-1.000000000000000000e+00,-1.000000000000000000e+00,-1.000000000000000000e+00,8.525000000000000000e+02,1.877982401923227185e-01,1.826698588090501785e-01,1.834552128713896613e-01
-1.000000000000000000e+00,-1.000000000000000000e+00,-1.000000000000000000e+00,-1.000000000000000000e+00,-1.000000000000000000e+00,-1.000000000000000000e+00,8.550000000000000000e+02,1.847362707384939129e-01,1.801274358551512300e-01,1.821639189678892212e-01
-1.000000000000000000e+00,-1.000000000000000000e+00,-1.000000000000000000e+00,-1.000000000000000000e+00,-1.000000000000000000e+00,-1.000000000000000000e+00,8.575000000000000000e+02,1.815913648592536456e-01,1.774399989365145480e-01,1.807927614993890542e-01
-1.000000000000000000e+00,-1.000000000000000000e+00,-1.000000000000000000e+00,-1.000000000000000000e+00,-1.000000000000000000e+00,-1.000000000000000000e+00,8.600000000000000000e+02,1.783637885622441077e-01,1.746503733368645062e-01,1.792339001166483869e-01
-1.000000000000000000e+00,-1.000000000000000000e+00,-1.000000000000000000e+00,-1.000000000000000000e+00,-1.000000000000000000e+00,-1.000000000000000000e+00,8.625000000000000000e+02,1.750535940122118217e-01,1.717959928803943215e-01,1.773794944704264465e-01
-1.000000000000000000e+00,-1.000000000000000000e+00,-1.000000000000000000e+00,-1.000000000000000000e+00,-1.000000000000000000e+00,-1.000000000000000000e+00,8.650000000000000000e+02,1.716608333739030601e-01,1.688717235252311377e-01,1.751217042114825428e-01
-1.000000000000000000e+00,-1.000000000000000000e+00,-1.000000000000000000e+00,-1.000000000000000000e+00,-1.000000000000000000e+00,-1.000000000000000000e+00,8.675000000000000000e+02,1.681855588120641787e-01,1.658522326119290791e-01,1.723526889905757919e-01
-1.000000000000000000e+00,-1.000000000000000000e+00,-1.000000000000000000e+00,-1.000000000000000000e+00,-1.000000000000000000e+00,-1.000000000000000000e+00,8.700000000000000000e+02,1.646282570104216636e-01,1.627120655950175798e-01,1.689853630897830972e-01
-1.000000000000000000e+00,-1.000000000000000000e+00,-1.000000000000000000e+00,-1.000000000000000000e+00,-1.000000000000000000e+00,-1.000000000000000000e+00,8.725000000000000000e+02,1.610070827303248242e-01,1.594257679290261021e-01,1.651023742680557960e-01
-1.000000000000000000e+00,-1.000000000000000000e+00,-1.000000000000000000e+00,-1.000000000000000000e+00,-1.000000000000000000e+00,-1.000000000000000000e+00,8.750000000000000000e+02,1.573636015826140044e-01,1.559679274015335904e-01,1.608693471684383980e-01
-1.000000000000000000e+00,-1.000000000000000000e+00,-1.000000000000000000e+00,-1.000000000000000000e+00,-1.000000000000000000e+00,-1.000000000000000000e+00,8.775000000000000000e+02,1.537409908458265972e-01,1.523384135878536882e-01,1.564524707368687706e-01
-1.000000000000000000e+00,-1.000000000000000000e+00,-1.000000000000000000e+00,-1.000000000000000000e+00,-1.000000000000000000e+00,-1.000000000000000000e+00,8.800000000000000000e+02,1.501824277985000511e-01,1.486050695274799549e-01,1.520179339192851142e-01
-1.000000000000000000e+00,-1.000000000000000000e+00,-1.000000000000000000e+00,-1.000000000000000000e+00,-1.000000000000000000e+00,-1.000000000000000000e+00,8.825000000000000000e+02,1.467310897191718422e-01,1.448470449935032600e-01,1.477319256616254073e-01
-1.000000000000000000e+00,-1.000000000000000000e+00,-1.000000000000000000e+00,-1.000000000000000000e+00,-1.000000000000000000e+00,-1.000000000000000000e+00,8.850000000000000000e+02,1.434276446547242678e-01,1.411434897590143622e-01,1.437603494261950610e-01
-1.000000000000000000e+00,-1.000000000000000000e+00,-1.000000000000000000e+00,-1.000000000000000000e+00,-1.000000000000000000e+00,-1.000000000000000000e+00,8.875000000000000000e+02,1.402683930899049636e-01,1.375735535971041035e-01,1.401929091249358439e-01
-1.000000000000000000e+00,-1.000000000000000000e+00,-1.000000000000000000e+00,-1.000000000000000000e+00,-1.000000000000000000e+00,-1.000000000000000000e+00,8.900000000000000000e+02,1.372116169237271865e-01,1.342094974102305827e-01,1.369408651290910384e-01
-1.000000000000000000e+00,-1.000000000000000000e+00,-1.000000000000000000e+00,-1.000000000000000000e+00,-1.000000000000000000e+00,-1.000000000000000000e+00,8.925000000000000000e+02,1.342143681198171012e-01,1.310465451719883823e-01,1.338899698792702930e-01
-1.000000000000000000e+00,-1.000000000000000000e+00,-1.000000000000000000e+00,-1.000000000000000000e+00,-1.000000000000000000e+00,-1.000000000000000000e+00,8.950000000000000000e+02,1.312336986418008722e-01,1.280316288388741175e-01,1.309259758160833120e-01
-1.000000000000000000e+00,-1.000000000000000000e+00,-1.000000000000000000e+00,-1.000000000000000000e+00,-1.000000000000000000e+00,-1.000000000000000000e+00,8.975000000000000000e+02,1.282266604533046916e-01,1.251109365092012427e-01,1.279346353801397718e-01
-1.000000000000000000e+00,-1.000000000000000000e+00,-1.000000000000000000e+00,-1.000000000000000000e+00,-1.000000000000000000e+00,-1.000000000000000000e+00,9.000000000000000000e+02,1.251503055179546964e-01,1.222306562812833924e-01,1.248203131336172722e-01
-1.000000000000000000e+00,-1.000000000000000000e+00,-1.000000000000000000e+00,-1.000000000000000000e+00,-1.000000000000000000e+00,-1.000000000000000000e+00,9.025000000000000000e+02,1.219669914537885730e-01,1.193369762534340350e-01,1.215838476027965576e-01
-1.000000000000000000e+00,-1.000000000000000000e+00,-1.000000000000000000e+00,-1.000000000000000000e+00,-1.000000000000000000e+00,-1.000000000000000000e+00,9.050000000000000000e+02,1.186802403387601373e-01,1.163817465818688529e-01,1.182572403016864671e-01
-1.000000000000000000e+00,-1.000000000000000000e+00,-1.000000000000000000e+00,-1.000000000000000000e+00,-1.000000000000000000e+00,-1.000000000000000000e+00,9.075000000000000000e+02,1.153128169365986028e-01,1.133532107355972318e-01,1.148725082613423765e-01
-1.000000000000000000e+00,-1.000000000000000000e+00,-1.000000000000000000e+00,-1.000000000000000000e+00,-1.000000000000000000e+00,-1.000000000000000000e+00,9.100000000000000000e+02,1.118875951199801710e-01,1.102540103302912661e-01,1.114616685128196893e-01
-1.000000000000000000e+00,-1.000000000000000000e+00,-1.000000000000000000e+00,-1.000000000000000000e+00,-1.000000000000000000e+00,-1.000000000000000000e+00,9.125000000000000000e+02,1.084274487615812937e-01,1.070868226652786082e-01,1.080567380871738509e-01
-1.000000000000000000e+00,-1.000000000000000000e+00,-1.000000000000000000e+00,-1.000000000000000000e+00,-1.000000000000000000e+00,-1.000000000000000000e+00,9.150000000000000000e+02,1.049552681776959318e-01,1.038543250398872159e-01,1.046875101357398197e-01
-1.000000000000000000e+00,-1.000000000000000000e+00,-1.000000000000000000e+00,-1.000000000000000000e+00,-1.000000000000000000e+00,-1.000000000000000000e+00,9.175000000000000000e+02,1.014949695986277350e-01,1.005663685335189128e-01,1.013714694642067204e-01
-1.000000000000000000e+00,-1.000000000000000000e+00,-1.000000000000000000e+00,-1.000000000000000000e+00,-1.000000000000000000e+00,-1.000000000000000000e+00,9.200000000000000000e+02,9.807208243841387951e-02,9.726598879600645287e-02,9.812186643799766794e-02
-1.000000000000000000e+00,-1.000000000000000000e+00,-1.000000000000000000e+00,-1.000000000000000000e+00,-1.000000000000000000e+00,-1.000000000000000000e+00,9.225000000000000000e+02,9.471227760505339377e-02,9.400581021110669677e-02,9.495194753318590697e-02
-1.000000000000000000e+00,-1.000000000000000000e+00,-1.000000000000000000e+00,-1.000000000000000000e+00,-1.000000000000000000e+00,-1.000000000000000000e+00,9.250000000000000000e+02,9.144122600654522315e-02,9.083845810567220402e-02,9.187495922584461294e-02
-1.000000000000000000e+00,-1.000000000000000000e+00,-1.000000000000000000e+00,-1.000000000000000000e+00,-1.000000000000000000e+00,-1.000000000000000000e+00,9.275000000000000000e+02,8.828459855088841013e-02,8.781655780655553412e-02,8.890414799204703067e-02
-1.000000000000000000e+00,-1.000000000000000000e+00,-1.000000000000000000e+00,-1.000000000000000000e+00,-1.000000000000000000e+00,-1.000000000000000000e+00,9.300000000000000000e+02,8.526806614608192780e-02,8.499270495361840871e-02,8.605262183559685141e-02
-1.000000000000000000e+00,-1.000000000000000000e+00,-1.000000000000000000e+00,-1.000000000000000000e+00,-1.000000000000000000e+00,-1.000000000000000000e+00,9.325000000000000000e+02,8.241378985168792970e-02,8.239452465791542723e-02,8.332331370326673259e-02
-1.000000000000000000e+00,-1.000000000000000000e+00,-1.000000000000000000e+00,-1.000000000000000000e+00,-1.000000000000000000e+00,-1.000000000000000000e+00,9.350000000000000000e+02,7.971254604159953849e-02,7.997929650848710492e-02,8.070220641760784963e-02
-1.000000000000000000e+00,-1.000000000000000000e+00,-1.000000000000000000e+00,-1.000000000000000000e+00,-1.000000000000000000e+00,-1.000000000000000000e+00,9.375000000000000000e+02,7.713858996454947548e-02,7.769200223049475829e-02,7.817367768165996156e-02
-1.000000000000000000e+00,-1.000000000000000000e+00,-1.000000000000000000e+00,-1.000000000000000000e+00,-1.000000000000000000e+00,-1.000000000000000000e+00,9.400000000000000000e+02,7.466602917120192251e-02,7.547762354909968996e-02,7.572210519846278576e-02
-1.000000000000000000e+00,-1.000000000000000000e+00,-1.000000000000000000e+00,-1.000000000000000000e+00,-1.000000000000000000e+00,-1.000000000000000000e+00,9.425000000000000000e+02,7.226897121222107534e-02,7.328114218946324421e-02,7.333186667105613676e-02
-1.000000000000000000e+00,-1.000000000000000000e+00,-1.000000000000000000e+00,-1.000000000000000000e+00,-1.000000000000000000e+00,-1.000000000000000000e+00,9.450000000000000000e+02,6.992152363827111583e-02,7.104753987674676530e-02,7.098733980247967645e-02
-1.000000000000000000e+00,-1.000000000000000000e+00,-1.000000000000000000e+00,-1.000000000000000000e+00,-1.000000000000000000e+00,-1.000000000000000000e+00,9.475000000000000000e+02,6.759779400001625360e-02,6.872179833611155586e-02,6.867290229577323324e-02
-1.000000000000000000e+00,-1.000000000000000000e+00,-1.000000000000000000e+00,-1.000000000000000000e+00,-1.000000000000000000e+00,-1.000000000000000000e+00,9.500000000000000000e+02,6.527188999657766721e-02,6.625300986879086029e-02,6.637340660879050003e-02
-1.000000000000000000e+00,-1.000000000000000000e+00,-1.000000000000000000e+00,-1.000000000000000000e+00,-1.000000000000000000e+00,-1.000000000000000000e+00,9.525000000000000000e+02,6.292619416849533354e-02,6.365391843191225973e-02,6.408105670669882181e-02
-1.000000000000000000e+00,-1.000000000000000000e+00,-1.000000000000000000e+00,-1.000000000000000000e+00,-1.000000000000000000e+00,-1.000000000000000000e+00,9.550000000000000000e+02,6.057362595276524070e-02,6.098738805443621597e-02,6.179384521906789579e-02
-1.000000000000000000e+00,-1.000000000000000000e+00,-1.000000000000000000e+00,-1.000000000000000000e+00,-1.000000000000000000e+00,-1.000000000000000000e+00,9.575000000000000000e+02,5.823414728009148472e-02,5.831763847098931502e-02,5.950992135395680172e-02
-1.000000000000000000e+00,-1.000000000000000000e+00,-1.000000000000000000e+00,-1.000000000000000000e+00,-1.000000000000000000e+00,-1.000000000000000000e+00,9.600000000000000000e+02,5.592772008117815469e-02,5.570888941619825396e-02,5.722743431942452913e-02
-1.000000000000000000e+00,-1.000000000000000000e+00,-1.000000000000000000e+00,-1.000000000000000000e+00,-1.000000000000000000e+00,-1.000000000000000000e+00,9.625000000000000000e+02,5.367430628672926335e-02,5.322147668111421731e-02,5.494453332353012309e-02
-1.000000000000000000e+00,-1.000000000000000000e+00,-1.000000000000000000e+00,-1.000000000000000000e+00,-1.000000000000000000e+00,-1.000000000000000000e+00,9.650000000000000000e+02,5.149386782744890673e-02,5.087548854387356073e-02,5.265936757433262172e-02
-1.000000000000000000e+00,-1.000000000000000000e+00,-1.000000000000000000e+00,-1.000000000000000000e+00,-1.000000000000000000e+00,-1.000000000000000000e+00,9.675000000000000000e+02,4.940636663404118084e-02,4.866720044093062608e-02,5.037019797164114104e-02
-1.000000000000000000e+00,-1.000000000000000000e+00,-1.000000000000000000e+00,-1.000000000000000000e+00,-1.000000000000000000e+00,-1.000000000000000000e+00,9.700000000000000000e+02,4.743176463721011232e-02,4.659257734782254468e-02,4.808844667911699178e-02
-1.000000000000000000e+00,-1.000000000000000000e+00,-1.000000000000000000e+00,-1.000000000000000000e+00,-1.000000000000000000e+00,-1.000000000000000000e+00,9.725000000000000000e+02,4.558720124183879979e-02,4.464758424008649640e-02,4.585090906688037149e-02
-1.000000000000000000e+00,-1.000000000000000000e+00,-1.000000000000000000e+00,-1.000000000000000000e+00,-1.000000000000000000e+00,-1.000000000000000000e+00,9.750000000000000000e+02,4.386502786043037366e-02,4.282818609325965420e-02,4.369726966724323675e-02
-1.000000000000000000e+00,-1.000000000000000000e+00,-1.000000000000000000e+00,-1.000000000000000000e+00,-1.000000000000000000e+00,-1.000000000000000000e+00,9.775000000000000000e+02,4.224473819636847399e-02,4.113034788287917715e-02,4.166721301251750248e-02
-1.000000000000000000e+00,-1.000000000000000000e+00,-1.000000000000000000e+00,-1.000000000000000000e+00,-1.000000000000000000e+00,-1.000000000000000000e+00,9.800000000000000000e+02,4.070571683737357616e-02,3.955003458448223819e-02,3.980042363501509056e-02
-1.000000000000000000e+00,-1.000000000000000000e+00,-1.000000000000000000e+00,-1.000000000000000000e+00,-1.000000000000000000e+00,-1.000000000000000000e+00,9.825000000000000000e+02,3.922734837116612777e-02,3.808257872206670391e-02,3.813658606704792287e-02
-1.000000000000000000e+00,-1.000000000000000000e+00,-1.000000000000000000e+00,-1.000000000000000000e+00,-1.000000000000000000e+00,-1.000000000000000000e+00,9.850000000000000000e+02,3.778901738546657646e-02,3.671412592097840488e-02,3.671336226207273790e-02
-1.000000000000000000e+00,-1.000000000000000000e+00,-1.000000000000000000e+00,-1.000000000000000000e+00,-1.000000000000000000e+00,-1.000000000000000000e+00,9.875000000000000000e+02,3.637010846799536984e-02,3.542388848965951492e-02,3.551683758215386233e-02
-1.000000000000000000e+00,-1.000000000000000000e+00,-1.000000000000000000e+00,-1.000000000000000000e+00,-1.000000000000000000e+00,-1.000000000000000000e+00,9.900000000000000000e+02,3.495000620647297634e-02,3.419090822237107197e-02,3.447854418839330082e-02
-1.000000000000000000e+00,-1.000000000000000000e+00,-1.000000000000000000e+00,-1.000000000000000000e+00,-1.000000000000000000e+00,-1.000000000000000000e+00,9.925000000000000000e+02,3.350809518861982972e-02,3.299422691337409314e-02,3.352739575354599794e-02
-1.000000000000000000e+00,-1.000000000000000000e+00,-1.000000000000000000e+00,-1.000000000000000000e+00,-1.000000000000000000e+00,-1.000000000000000000e+00,9.950000000000000000e+02,3.202774950903456569e-02,3.181288635692963024e-02,3.259230595036692602e-02
-1.000000000000000000e+00,-1.000000000000000000e+00,-1.000000000000000000e+00,-1.000000000000000000e+00,-1.000000000000000000e+00,-1.000000000000000000e+00,9.975000000000000000e+02,3.051371035019723524e-02,3.062592834729868999e-02,3.160218845161105045e-02
-1.000000000000000000e+00,-1.000000000000000000e+00,-1.000000000000000000e+00,-1.000000000000000000e+00,-1.000000000000000000e+00,-1.000000000000000000e+00,1.000000000000000000e+03,2.897784228706224222e-02,2.941239467874229296e-02,3.048595693003331580e-02
-1.000000000000000000e+00,-1.000000000000000000e+00,-1.000000000000000000e+00,-1.000000000000000000e+00,-1.000000000000000000e+00,-1.000000000000000000e+00,1.002500000000000000e+03,2.743201480150296925e-02,2.815150331654534335e-02,2.917258807469691462e-02
-1.000000000000000000e+00,-1.000000000000000000e+00,-1.000000000000000000e+00,-1.000000000000000000e+00,-1.000000000000000000e+00,-1.000000000000000000e+00,1.005000000000000000e+03,2.588809737539281980e-02,2.683346350078634479e-02,2.762496828973684884e-02
-1.000000000000000000e+00,-1.000000000000000000e+00,-1.000000000000000000e+00,-1.000000000000000000e+00,-1.000000000000000000e+00,-1.000000000000000000e+00,1.007500000000000000e+03,2.435795949060517648e-02,2.546576754355941996e-02,2.589575330612313778e-02
-1.000000000000000000e+00,-1.000000000000000000e+00,-1.000000000000000000e+00,-1.000000000000000000e+00,-1.000000000000000000e+00,-1.000000000000000000e+00,1.010000000000000000e+03,2.285347062901342888e-02,2.405742367252415581e-02,2.405228449424291412e-02
-1.000000000000000000e+00,-1.000000000000000000e+00,-1.000000000000000000e+00,-1.000000000000000000e+00,-1.000000000000000000e+00,-1.000000000000000000e+00,1.012500000000000000e+03,2.138650027249097349e-02,2.261744011534015317e-02,2.216190322448329322e-02
-1.000000000000000000e+00,-1.000000000000000000e+00,-1.000000000000000000e+00,-1.000000000000000000e+00,-1.000000000000000000e+00,-1.000000000000000000e+00,1.015000000000000000e+03,1.996873610090968768e-02,2.115482509966699551e-02,2.029195086723141125e-02
-1.000000000000000000e+00,-1.000000000000000000e+00,-1.000000000000000000e+00,-1.000000000000000000e+00,-1.000000000000000000e+00,-1.000000000000000000e+00,1.017500000000000000e+03,1.860608155698124586e-02,1.967858685316428713e-02,1.850976879287437663e-02
-1.000000000000000000e+00,-1.000000000000000000e+00,-1.000000000000000000e+00,-1.000000000000000000e+00,-1.000000000000000000e+00,-1.000000000000000000e+00,1.020000000000000000e+03,1.729759424005657478e-02,1.819773360349160110e-02,1.688269837179932897e-02
-1.000000000000000000e+00,-1.000000000000000000e+00,-1.000000000000000000e+00,-1.000000000000000000e+00,-1.000000000000000000e+00,-1.000000000000000000e+00,1.022500000000000000e+03,1.604193573461002581e-02,1.672184148193637740e-02,1.546919680159120070e-02
-1.000000000000000000e+00,-1.000000000000000000e+00,-1.000000000000000000e+00,-1.000000000000000000e+00,-1.000000000000000000e+00,-1.000000000000000000e+00,1.025000000000000000e+03,1.483776762511595376e-02,1.526283271199111932e-02,1.426228791132913391e-02
-1.000000000000000000e+00,-1.000000000000000000e+00,-1.000000000000000000e+00,-1.000000000000000000e+00,-1.000000000000000000e+00,-1.000000000000000000e+00,1.027500000000000000e+03,1.368375149604873255e-02,1.383323526604290227e-02,1.322575638840372929e-02
-1.000000000000000000e+00,-1.000000000000000000e+00,-1.000000000000000000e+00,-1.000000000000000000e+00,-1.000000000000000000e+00,-1.000000000000000000e+00,1.030000000000000000e+03,1.257854893188272045e-02,1.244557711720810714e-02,1.232325088122645032e-02
-1.000000000000000000e+00,-1.000000000000000000e+00,-1.000000000000000000e+00,-1.000000000000000000e+00,-1.000000000000000000e+00,-1.000000000000000000e+00,1.032500000000000000e+03,1.152082151709228099e-02,1.111238623860310616e-02,1.151842003820877092e-02
-1.000000000000000000e+00,-1.000000000000000000e+00,-1.000000000000000000e+00,-1.000000000000000000e+00,-1.000000000000000000e+00,-1.000000000000000000e+00,1.035000000000000000e+03,1.050923083615177243e-02,9.846190603344288916e-03,1.077491250776215631e-02
-1.000000000000000000e+00,-1.000000000000000000e+00,-1.000000000000000000e+00,-1.000000000000000000e+00,-1.000000000000000000e+00,-1.000000000000000000e+00,1.037500000000000000e+03,9.542438473535561766e-03,8.659518184548029365e-03,1.005637693829807867e-02
-1.000000000000000000e+00,-1.000000000000000000e+00,-1.000000000000000000e+00,-1.000000000000000000e+00,-1.000000000000000000e+00,-1.000000000000000000e+00,1.040000000000000000e+03,8.619569233049840379e-03,7.564896955330711013e-03,9.326467726273176759e-03
-1.000000000000000000e+00,-1.000000000000000000e+00,-1.000000000000000000e+00,-1.000000000000000000e+00,-1.000000000000000000e+00,-1.000000000000000000e+00,1.042500000000000000e+03,7.742775843274083726e-03,6.574854888808709559e-03,8.560383105429406059e-03
-1.000000000000000000e+00,-1.000000000000000000e+00,-1.000000000000000000e+00,-1.000000000000000000e+00,-1.000000000000000000e+00,-1.000000000000000000e+00,1.045000000000000000e+03,6.915427484282993947e-03,5.701220153633236240e-03,7.769058567874277677e-03
-1.000000000000000000e+00,-1.000000000000000000e+00,-1.000000000000000000e+00,-1.000000000000000000e+00,-1.000000000000000000e+00,-1.000000000000000000e+00,1.047500000000000000e+03,6.140896630553666427e-03,4.944502973160634467e-03,6.970324172590229399e-03
-1.000000000000000000e+00,-1.000000000000000000e+00,-1.000000000000000000e+00,-1.000000000000000000e+00,-1.000000000000000000e+00,-1.000000000000000000e+00,1.050000000000000000e+03,5.422555756563196550e-03,4.296046516233979588e-03,6.182009978559703349e-03
-1.000000000000000000e+00,-1.000000000000000000e+00,-1.000000000000000000e+00,-1.000000000000000000e+00,-1.000000000000000000e+00,-1.000000000000000000e+00,1.052500000000000000e+03,4.763777336788679699e-03,3.746930325082842902e-03,5.421946044765134712e-03
-1.000000000000000000e+00,-1.000000000000000000e+00,-1.000000000000000000e+00,-1.000000000000000000e+00,-1.000000000000000000e+00,-1.000000000000000000e+00,1.055000000000000000e+03,4.167933845707213862e-03,3.288233941936789632e-03,4.707962430188964743e-03
-1.000000000000000000e+00,-1.000000000000000000e+00,-1.000000000000000000e+00,-1.000000000000000000e+00,-1.000000000000000000e+00,-1.000000000000000000e+00,1.057500000000000000e+03,3.638358950021256498e-03,2.911036909025391944e-03,4.057889193813628628e-03
-1.000000000000000000e+00,-1.000000000000000000e+00,-1.000000000000000000e+00,-1.000000000000000000e+00,-1.000000000000000000e+00,-1.000000000000000000e+00,1.060000000000000000e+03,3.175652170355376235e-03,2.606418768578214196e-03,3.488804540465917110e-03
-1.000000000000000000e+00,-1.000000000000000000e+00,-1.000000000000000000e+00,-1.000000000000000000e+00,-1.000000000000000000e+00,-1.000000000000000000e+00,1.062500000000000000e+03,2.775923747974144446e-03,2.365459062824825515e-03,3.004492591145274758e-03
-1.000000000000000000e+00,-1.000000000000000000e+00,-1.000000000000000000e+00,-1.000000000000000000e+00,-1.000000000000000000e+00,-1.000000000000000000e+00,1.065000000000000000e+03,2.434866800632594884e-03,2.179237333994793295e-03,2.597345759905043874e-03
-1.000000000000000000e+00,-1.000000000000000000e+00,-1.000000000000000000e+00,-1.000000000000000000e+00,-1.000000000000000000e+00,-1.000000000000000000e+00,1.067500000000000000e+03,2.148174446085765205e-03,2.038833124317685364e-03,2.259387928849729190e-03
-1.000000000000000000e+00,-1.000000000000000000e+00,-1.000000000000000000e+00,-1.000000000000000000e+00,-1.000000000000000000e+00,-1.000000000000000000e+00,1.070000000000000000e+03,1.911539802088692633e-03,1.935325976023070417e-03,1.982642980083842814e-03
-1.000000000000000000e+00,-1.000000000000000000e+00,-1.000000000000000000e+00,-1.000000000000000000e+00,-1.000000000000000000e+00,-1.000000000000000000e+00,1.072500000000000000e+03,1.720655986396413305e-03,1.859795431340515847e-03,1.759134795711892515e-03
-1.000000000000000000e+00,-1.000000000000000000e+00,-1.000000000000000000e+00,-1.000000000000000000e+00,-1.000000000000000000e+00,-1.000000000000000000e+00,1.075000000000000000e+03,1.571216116763964011e-03,1.803321032499589699e-03,1.580887257838386713e-03
-1.000000000000000000e+00,-1.000000000000000000e+00,-1.000000000000000000e+00,-1.000000000000000000e+00,-1.000000000000000000e+00,-1.000000000000000000e+00,1.077500000000000000e+03,1.458913310946381324e-03,1.756982321729859799e-03,1.439924248567834913e-03
-1.000000000000000000e+00,-1.000000000000000000e+00,-1.000000000000000000e+00,-1.000000000000000000e+00,-1.000000000000000000e+00,-1.000000000000000000e+00,1.080000000000000000e+03,1.379440686698701814e-03,1.711858841260893976e-03,1.328269650004744234e-03
-1.000000000000000000e+00,-1.000000000000000000e+00,-1.000000000000000000e+00,-1.000000000000000000e+00,-1.000000000000000000e+00,-1.000000000000000000e+00,1.082500000000000000e+03,1.328491361775961839e-03,1.659030133322260707e-03,1.237947344253625048e-03
-1.000000000000000000e+00,-1.000000000000000000e+00,-1.000000000000000000e+00,-1.000000000000000000e+00,-1.000000000000000000e+00,-1.000000000000000000e+00,1.085000000000000000e+03,1.301758453933198837e-03,1.589575740143527819e-03,1.160981213418985124e-03
-1.000000000000000000e+00,-1.000000000000000000e+00,-1.000000000000000000e+00,-1.000000000000000000e+00,-1.000000000000000000e+00,-1.000000000000000000e+00,1.087500000000000000e+03,1.294935080925448730e-03,1.494575203954262056e-03,1.089395139605333100e-03
-1.000000000000000000e+00,-1.000000000000000000e+00,-1.000000000000000000e+00,-1.000000000000000000e+00,-1.000000000000000000e+00,-1.000000000000000000e+00,1.090000000000000000e+03,1.303714360507748525e-03,1.365108066984032763e-03,1.015213004917177829e-03
-1.000000000000000000e+00,-1.000000000000000000e+00,-1.000000000000000000e+00,-1.000000000000000000e+00,-1.000000000000000000e+00,-1.000000000000000000e+00,1.092500000000000000e+03,1.323789410435134359e-03,1.192253871462407118e-03,9.304586914590283822e-04
-1.000000000000000000e+00,-1.000000000000000000e+00,-1.000000000000000000e+00,-1.000000000000000000e+00,-1.000000000000000000e+00,-1.000000000000000000e+00,1.095000000000000000e+03,1.350853348462643672e-03,9.670921596189531629e-04,8.271560813353926378e-04
-1.000000000000000000e+00,-1.000000000000000000e+00,-1.000000000000000000e+00,-1.000000000000000000e+00,-1.000000000000000000e+00,-1.000000000000000000e+00,1.097500000000000000e+03,1.380599292345312170e-03,6.807024736832390519e-04,6.973290566507799916e-04
-1.000000000000000000e+00,-1.000000000000000000e+00,-1.000000000000000000e+00,-1.000000000000000000e+00,-1.000000000000000000e+00,-1.000000000000000000e+00,1.100000000000000000e+03,1.408720359838177508e-03,3.241643558848326663e-04,5.330014995096987555e-04
